[{"model": "contenttypes.contenttype", "pk": 1, "fields": {"app_label": "admin", "model": "logentry"}}, {"model": "contenttypes.contenttype", "pk": 2, "fields": {"app_label": "auth", "model": "permission"}}, {"model": "contenttypes.contenttype", "pk": 3, "fields": {"app_label": "auth", "model": "group"}}, {"model": "contenttypes.contenttype", "pk": 4, "fields": {"app_label": "auth", "model": "user"}}, {"model": "contenttypes.contenttype", "pk": 5, "fields": {"app_label": "contenttypes", "model": "contenttype"}}, {"model": "contenttypes.contenttype", "pk": 6, "fields": {"app_label": "sessions", "model": "session"}}, {"model": "contenttypes.contenttype", "pk": 7, "fields": {"app_label": "blog", "model": "blogtype"}}, {"model": "contenttypes.contenttype", "pk": 8, "fields": {"app_label": "blog", "model": "blog"}}, {"model": "contenttypes.contenttype", "pk": 9, "fields": {"app_label": "blog", "model": "readnum"}}, {"model": "contenttypes.contenttype", "pk": 10, "fields": {"app_label": "read_statistics", "model": "readnum"}}, {"model": "contenttypes.contenttype", "pk": 11, "fields": {"app_label": "read_statistics", "model": "readdetail"}}, {"model": "contenttypes.contenttype", "pk": 12, "fields": {"app_label": "comment", "model": "comment"}}, {"model": "contenttypes.contenttype", "pk": 13, "fields": {"app_label": "comment", "model": "reply"}}, {"model": "contenttypes.contenttype", "pk": 14, "fields": {"app_label": "likes", "model": "likecount"}}, {"model": "contenttypes.contenttype", "pk": 15, "fields": {"app_label": "likes", "model": "likerecord"}}, {"model": "contenttypes.contenttype", "pk": 16, "fields": {"app_label": "user", "model": "profile"}}, {"model": "sessions.session", "pk": "18tzmpvrwdpve4jqnvkctfhdja5dtvz5", "fields": {"session_data": "YjhlZGM2ZDc0NWVlNjc1YzMwM2NiODIyMmQzZDM4N2VkZTM0YjhlOTp7ImZvcmdvdF9wYXNzd29yZCI6IlJLck4iLCJzZW5kX2NvZGVfdGltZSI6MTY0NjQ5MTIzNCwiX2F1dGhfdXNlcl9pZCI6IjMiLCJfYXV0aF91c2VyX2JhY2tlbmQiOiJkamFuZ28uY29udHJpYi5hdXRoLmJhY2tlbmRzLk1vZGVsQmFja2VuZCIsIl9hdXRoX3VzZXJfaGFzaCI6ImUwZjY3ZmQ0YzNmYWI5ZmNhYjNjMzFlNjBiN2U0M2E1MDU1MjJhNTQifQ==", "expire_date": "2022-03-19T14:41:07.253Z"}}, {"model": "sessions.session", "pk": "2rucdv4wopni6c3scdwt4eujp7tgtms7", "fields": {"session_data": "OTgzMDgzZGVlNDZhZjJmM2Q4YWQyNDJjZmMzYmY2NDZhMDZjMjAxNzp7Il9hdXRoX3VzZXJfaWQiOiIxIiwiX2F1dGhfdXNlcl9iYWNrZW5kIjoiZGphbmdvLmNvbnRyaWIuYXV0aC5iYWNrZW5kcy5Nb2RlbEJhY2tlbmQiLCJfYXV0aF91c2VyX2hhc2giOiJkZWRkMzY2MjdkN2Q0MDU2MDhiZDA2NWVmMjRlYTlkNjEzM2RhZWZlIn0=", "expire_date": "2022-03-01T14:43:14.636Z"}}, {"model": "sessions.session", "pk": "3ilxyk06vx5isalkk8snaehjcgpafio5", "fields": {"session_data": "OTgzMDgzZGVlNDZhZjJmM2Q4YWQyNDJjZmMzYmY2NDZhMDZjMjAxNzp7Il9hdXRoX3VzZXJfaWQiOiIxIiwiX2F1dGhfdXNlcl9iYWNrZW5kIjoiZGphbmdvLmNvbnRyaWIuYXV0aC5iYWNrZW5kcy5Nb2RlbEJhY2tlbmQiLCJfYXV0aF91c2VyX2hhc2giOiJkZWRkMzY2MjdkN2Q0MDU2MDhiZDA2NWVmMjRlYTlkNjEzM2RhZWZlIn0=", "expire_date": "2022-03-08T14:35:24.580Z"}}, {"model": "sessions.session", "pk": "asepqfvt7jlscj1w5vc9chlg775tf67b", "fields": {"session_data": "OTgzMDgzZGVlNDZhZjJmM2Q4YWQyNDJjZmMzYmY2NDZhMDZjMjAxNzp7Il9hdXRoX3VzZXJfaWQiOiIxIiwiX2F1dGhfdXNlcl9iYWNrZW5kIjoiZGphbmdvLmNvbnRyaWIuYXV0aC5iYWNrZW5kcy5Nb2RlbEJhY2tlbmQiLCJfYXV0aF91c2VyX2hhc2giOiJkZWRkMzY2MjdkN2Q0MDU2MDhiZDA2NWVmMjRlYTlkNjEzM2RhZWZlIn0=", "expire_date": "2022-03-16T13:17:06.352Z"}}, {"model": "sessions.session", "pk": "e7m76bebhk24bywc5ymu9w6a7fw79wm2", "fields": {"session_data": "OTgzMDgzZGVlNDZhZjJmM2Q4YWQyNDJjZmMzYmY2NDZhMDZjMjAxNzp7Il9hdXRoX3VzZXJfaWQiOiIxIiwiX2F1dGhfdXNlcl9iYWNrZW5kIjoiZGphbmdvLmNvbnRyaWIuYXV0aC5iYWNrZW5kcy5Nb2RlbEJhY2tlbmQiLCJfYXV0aF91c2VyX2hhc2giOiJkZWRkMzY2MjdkN2Q0MDU2MDhiZDA2NWVmMjRlYTlkNjEzM2RhZWZlIn0=", "expire_date": "2022-03-15T14:33:50.777Z"}}, {"model": "sessions.session", "pk": "el9xjag3phanykgvz7laji7gq08wsprx", "fields": {"session_data": "YWJmN2U0OTEzNTEyNDZjZDA0Y2MyZGMyNDI3N2ZhMTBhYmJhZTVlMTp7Il9hdXRoX3VzZXJfaWQiOiIyIiwiX2F1dGhfdXNlcl9iYWNrZW5kIjoiZGphbmdvLmNvbnRyaWIuYXV0aC5iYWNrZW5kcy5Nb2RlbEJhY2tlbmQiLCJfYXV0aF91c2VyX2hhc2giOiJjZDgwMjE0NDM0ZDNhN2UwOTNiYzBmZjhmNGZlYjg4NjI3MjRkNGIyIn0=", "expire_date": "2022-03-09T14:49:06.883Z"}}, {"model": "sessions.session", "pk": "eov20qfftk8qfvp6jvekhv93mh0aiajx", "fields": {"session_data": "OTgzMDgzZGVlNDZhZjJmM2Q4YWQyNDJjZmMzYmY2NDZhMDZjMjAxNzp7Il9hdXRoX3VzZXJfaWQiOiIxIiwiX2F1dGhfdXNlcl9iYWNrZW5kIjoiZGphbmdvLmNvbnRyaWIuYXV0aC5iYWNrZW5kcy5Nb2RlbEJhY2tlbmQiLCJfYXV0aF91c2VyX2hhc2giOiJkZWRkMzY2MjdkN2Q0MDU2MDhiZDA2NWVmMjRlYTlkNjEzM2RhZWZlIn0=", "expire_date": "2022-03-15T14:30:14.382Z"}}, {"model": "sessions.session", "pk": "hckzqo441jawo69rtl4qp6oftxrk9ao3", "fields": {"session_data": "NDM3MmZmNTU0NWQ1YTE5ZmIyYzVjYmYwNzk4YjQ3NzZmZjAyZjBkNDp7fQ==", "expire_date": "2022-03-15T14:27:30.638Z"}}, {"model": "sessions.session", "pk": "i4lchf7culfwyj2feszmj5hdptv2o33j", "fields": {"session_data": "OTgzMDgzZGVlNDZhZjJmM2Q4YWQyNDJjZmMzYmY2NDZhMDZjMjAxNzp7Il9hdXRoX3VzZXJfaWQiOiIxIiwiX2F1dGhfdXNlcl9iYWNrZW5kIjoiZGphbmdvLmNvbnRyaWIuYXV0aC5iYWNrZW5kcy5Nb2RlbEJhY2tlbmQiLCJfYXV0aF91c2VyX2hhc2giOiJkZWRkMzY2MjdkN2Q0MDU2MDhiZDA2NWVmMjRlYTlkNjEzM2RhZWZlIn0=", "expire_date": "2022-03-19T14:05:30.088Z"}}, {"model": "sessions.session", "pk": "j7ndn02pn8k4mslx55635bgln6bvwamn", "fields": {"session_data": "OTgzMDgzZGVlNDZhZjJmM2Q4YWQyNDJjZmMzYmY2NDZhMDZjMjAxNzp7Il9hdXRoX3VzZXJfaWQiOiIxIiwiX2F1dGhfdXNlcl9iYWNrZW5kIjoiZGphbmdvLmNvbnRyaWIuYXV0aC5iYWNrZW5kcy5Nb2RlbEJhY2tlbmQiLCJfYXV0aF91c2VyX2hhc2giOiJkZWRkMzY2MjdkN2Q0MDU2MDhiZDA2NWVmMjRlYTlkNjEzM2RhZWZlIn0=", "expire_date": "2022-03-08T13:43:57.474Z"}}, {"model": "sessions.session", "pk": "kgmlw1rq9k3crxd0wj2ywm82px4hweyj", "fields": {"session_data": "OTgzMDgzZGVlNDZhZjJmM2Q4YWQyNDJjZmMzYmY2NDZhMDZjMjAxNzp7Il9hdXRoX3VzZXJfaWQiOiIxIiwiX2F1dGhfdXNlcl9iYWNrZW5kIjoiZGphbmdvLmNvbnRyaWIuYXV0aC5iYWNrZW5kcy5Nb2RlbEJhY2tlbmQiLCJfYXV0aF91c2VyX2hhc2giOiJkZWRkMzY2MjdkN2Q0MDU2MDhiZDA2NWVmMjRlYTlkNjEzM2RhZWZlIn0=", "expire_date": "2022-03-07T14:41:20.180Z"}}, {"model": "sessions.session", "pk": "l4p3cgpx37vrvcysq25oodwoldid26er", "fields": {"session_data": "OTgzMDgzZGVlNDZhZjJmM2Q4YWQyNDJjZmMzYmY2NDZhMDZjMjAxNzp7Il9hdXRoX3VzZXJfaWQiOiIxIiwiX2F1dGhfdXNlcl9iYWNrZW5kIjoiZGphbmdvLmNvbnRyaWIuYXV0aC5iYWNrZW5kcy5Nb2RlbEJhY2tlbmQiLCJfYXV0aF91c2VyX2hhc2giOiJkZWRkMzY2MjdkN2Q0MDU2MDhiZDA2NWVmMjRlYTlkNjEzM2RhZWZlIn0=", "expire_date": "2022-02-09T13:31:58.515Z"}}, {"model": "sessions.session", "pk": "rt394urvk2xmp2j5mhzngq8q48elwi97", "fields": {"session_data": "OTgzMDgzZGVlNDZhZjJmM2Q4YWQyNDJjZmMzYmY2NDZhMDZjMjAxNzp7Il9hdXRoX3VzZXJfaWQiOiIxIiwiX2F1dGhfdXNlcl9iYWNrZW5kIjoiZGphbmdvLmNvbnRyaWIuYXV0aC5iYWNrZW5kcy5Nb2RlbEJhY2tlbmQiLCJfYXV0aF91c2VyX2hhc2giOiJkZWRkMzY2MjdkN2Q0MDU2MDhiZDA2NWVmMjRlYTlkNjEzM2RhZWZlIn0=", "expire_date": "2022-03-08T13:31:36.188Z"}}, {"model": "sessions.session", "pk": "tvfp33uz331e1lf5mwpd7ynnhv2azxmh", "fields": {"session_data": "OTgzMDgzZGVlNDZhZjJmM2Q4YWQyNDJjZmMzYmY2NDZhMDZjMjAxNzp7Il9hdXRoX3VzZXJfaWQiOiIxIiwiX2F1dGhfdXNlcl9iYWNrZW5kIjoiZGphbmdvLmNvbnRyaWIuYXV0aC5iYWNrZW5kcy5Nb2RlbEJhY2tlbmQiLCJfYXV0aF91c2VyX2hhc2giOiJkZWRkMzY2MjdkN2Q0MDU2MDhiZDA2NWVmMjRlYTlkNjEzM2RhZWZlIn0=", "expire_date": "2022-03-15T14:29:12.962Z"}}, {"model": "sessions.session", "pk": "x7be04cwokl8aqt79djhlvamkbghp5ns", "fields": {"session_data": "YzNiMzNmMzNhZjEwNzhkY2E1OGRkODRjYzNiNGVkMzVjMmJjYzA0Njp7Il9hdXRoX3VzZXJfaWQiOiIxIiwiX2F1dGhfdXNlcl9iYWNrZW5kIjoiZGphbmdvLmNvbnRyaWIuYXV0aC5iYWNrZW5kcy5Nb2RlbEJhY2tlbmQiLCJfYXV0aF91c2VyX2hhc2giOiJkZWRkMzY2MjdkN2Q0MDU2MDhiZDA2NWVmMjRlYTlkNjEzM2RhZWZlIiwiYmluZF9lbWFpbF9jb2RlIjoiSGZKcCJ9", "expire_date": "2022-03-18T17:27:01.191Z"}}, {"model": "sessions.session", "pk": "zgkcamb5z86jvkh5jyw0qksvv1i4x04p", "fields": {"session_data": "NTU4NmIwZTM0ZTczNjNiMDI3OTFiMTdiMTk5MjE4NjlkYTZmNTRmNTp7Il9hdXRoX3VzZXJfaWQiOiIzIiwiX2F1dGhfdXNlcl9iYWNrZW5kIjoiZGphbmdvLmNvbnRyaWIuYXV0aC5iYWNrZW5kcy5Nb2RlbEJhY2tlbmQiLCJfYXV0aF91c2VyX2hhc2giOiJlMGY2N2ZkNGMzZmFiOWZjYWIzYzMxZTYwYjdlNDNhNTA1NTIyYTU0In0=", "expire_date": "2022-03-20T09:05:55.856Z"}}, {"model": "blog.blogtype", "pk": 1, "fields": {"type_name": "Django"}}, {"model": "blog.blogtype", "pk": 2, "fields": {"type_name": "\u968f\u7b14"}}, {"model": "blog.blogtype", "pk": 3, "fields": {"type_name": "\u611f\u609f"}}, {"model": "read_statistics.readnum", "pk": 1, "fields": {"read_num": 22, "content_type": 8, "object_id": 36}}, {"model": "read_statistics.readnum", "pk": 2, "fields": {"read_num": 2, "content_type": 8, "object_id": 33}}, {"model": "read_statistics.readnum", "pk": 3, "fields": {"read_num": 4, "content_type": 8, "object_id": 32}}, {"model": "read_statistics.readnum", "pk": 4, "fields": {"read_num": 3, "content_type": 8, "object_id": 31}}, {"model": "read_statistics.readnum", "pk": 5, "fields": {"read_num": 1, "content_type": 8, "object_id": 30}}, {"model": "read_statistics.readnum", "pk": 6, "fields": {"read_num": 1, "content_type": 8, "object_id": 4}}, {"model": "read_statistics.readnum", "pk": 7, "fields": {"read_num": 4, "content_type": 8, "object_id": 35}}, {"model": "read_statistics.readnum", "pk": 8, "fields": {"read_num": 2, "content_type": 8, "object_id": 34}}, {"model": "read_statistics.readnum", "pk": 9, "fields": {"read_num": 20, "content_type": 8, "object_id": 37}}, {"model": "read_statistics.readdetail", "pk": 1, "fields": {"date": "2022-02-17", "read_num": 4, "content_type": 8, "object_id": 36}}, {"model": "read_statistics.readdetail", "pk": 2, "fields": {"date": "2022-02-18", "read_num": 1, "content_type": 8, "object_id": 35}}, {"model": "read_statistics.readdetail", "pk": 3, "fields": {"date": "2022-02-18", "read_num": 1, "content_type": 8, "object_id": 36}}, {"model": "read_statistics.readdetail", "pk": 4, "fields": {"date": "2022-02-19", "read_num": 1, "content_type": 8, "object_id": 36}}, {"model": "read_statistics.readdetail", "pk": 5, "fields": {"date": "2022-02-21", "read_num": 2, "content_type": 8, "object_id": 36}}, {"model": "read_statistics.readdetail", "pk": 6, "fields": {"date": "2022-02-21", "read_num": 1, "content_type": 8, "object_id": 35}}, {"model": "read_statistics.readdetail", "pk": 7, "fields": {"date": "2022-02-22", "read_num": 3, "content_type": 8, "object_id": 36}}, {"model": "read_statistics.readdetail", "pk": 8, "fields": {"date": "2022-02-22", "read_num": 1, "content_type": 8, "object_id": 37}}, {"model": "read_statistics.readdetail", "pk": 9, "fields": {"date": "2022-02-23", "read_num": 2, "content_type": 8, "object_id": 37}}, {"model": "read_statistics.readdetail", "pk": 10, "fields": {"date": "2022-02-24", "read_num": 1, "content_type": 8, "object_id": 37}}, {"model": "read_statistics.readdetail", "pk": 11, "fields": {"date": "2022-02-24", "read_num": 1, "content_type": 8, "object_id": 36}}, {"model": "read_statistics.readdetail", "pk": 12, "fields": {"date": "2022-02-24", "read_num": 1, "content_type": 8, "object_id": 34}}, {"model": "read_statistics.readdetail", "pk": 13, "fields": {"date": "2022-02-24", "read_num": 1, "content_type": 8, "object_id": 33}}, {"model": "read_statistics.readdetail", "pk": 14, "fields": {"date": "2022-02-24", "read_num": 1, "content_type": 8, "object_id": 35}}, {"model": "read_statistics.readdetail", "pk": 15, "fields": {"date": "2022-02-24", "read_num": 1, "content_type": 8, "object_id": 32}}, {"model": "read_statistics.readdetail", "pk": 16, "fields": {"date": "2022-02-25", "read_num": 1, "content_type": 8, "object_id": 37}}, {"model": "read_statistics.readdetail", "pk": 17, "fields": {"date": "2022-02-26", "read_num": 2, "content_type": 8, "object_id": 37}}, {"model": "read_statistics.readdetail", "pk": 18, "fields": {"date": "2022-02-26", "read_num": 1, "content_type": 8, "object_id": 32}}, {"model": "read_statistics.readdetail", "pk": 19, "fields": {"date": "2022-02-26", "read_num": 1, "content_type": 8, "object_id": 31}}, {"model": "read_statistics.readdetail", "pk": 20, "fields": {"date": "2022-02-26", "read_num": 1, "content_type": 8, "object_id": 35}}, {"model": "read_statistics.readdetail", "pk": 21, "fields": {"date": "2022-02-28", "read_num": 2, "content_type": 8, "object_id": 37}}, {"model": "read_statistics.readdetail", "pk": 22, "fields": {"date": "2022-03-01", "read_num": 4, "content_type": 8, "object_id": 37}}, {"model": "read_statistics.readdetail", "pk": 23, "fields": {"date": "2022-03-02", "read_num": 2, "content_type": 8, "object_id": 37}}, {"model": "read_statistics.readdetail", "pk": 24, "fields": {"date": "2022-03-03", "read_num": 1, "content_type": 8, "object_id": 37}}, {"model": "read_statistics.readdetail", "pk": 25, "fields": {"date": "2022-03-04", "read_num": 2, "content_type": 8, "object_id": 37}}, {"model": "read_statistics.readdetail", "pk": 26, "fields": {"date": "2022-03-06", "read_num": 2, "content_type": 8, "object_id": 37}}, {"model": "likes.likecount", "pk": 1, "fields": {"content_type": 8, "object_id": 37, "liked_num": 1}}, {"model": "likes.likecount", "pk": 2, "fields": {"content_type": 8, "object_id": 36, "liked_num": 0}}, {"model": "likes.likecount", "pk": 3, "fields": {"content_type": 8, "object_id": 35, "liked_num": 0}}, {"model": "likes.likecount", "pk": 4, "fields": {"content_type": 8, "object_id": 34, "liked_num": 0}}, {"model": "likes.likecount", "pk": 5, "fields": {"content_type": 8, "object_id": 33, "liked_num": 0}}, {"model": "likes.likecount", "pk": 6, "fields": {"content_type": 8, "object_id": 32, "liked_num": 0}}, {"model": "likes.likecount", "pk": 7, "fields": {"content_type": 8, "object_id": 31, "liked_num": 0}}, {"model": "likes.likecount", "pk": 8, "fields": {"content_type": 12, "object_id": 58, "liked_num": 0}}, {"model": "likes.likecount", "pk": 9, "fields": {"content_type": 12, "object_id": 57, "liked_num": 0}}, {"model": "likes.likecount", "pk": 10, "fields": {"content_type": 12, "object_id": 56, "liked_num": 0}}, {"model": "likes.likecount", "pk": 11, "fields": {"content_type": 12, "object_id": 55, "liked_num": 0}}, {"model": "likes.likecount", "pk": 12, "fields": {"content_type": 12, "object_id": 54, "liked_num": 0}}, {"model": "likes.likecount", "pk": 13, "fields": {"content_type": 12, "object_id": 52, "liked_num": 0}}, {"model": "likes.likecount", "pk": 14, "fields": {"content_type": 12, "object_id": 53, "liked_num": 0}}, {"model": "likes.likecount", "pk": 15, "fields": {"content_type": 12, "object_id": 41, "liked_num": 0}}, {"model": "likes.likecount", "pk": 16, "fields": {"content_type": 12, "object_id": 51, "liked_num": 0}}, {"model": "likes.likecount", "pk": 17, "fields": {"content_type": 12, "object_id": 37, "liked_num": 0}}, {"model": "likes.likecount", "pk": 18, "fields": {"content_type": 12, "object_id": 34, "liked_num": 0}}, {"model": "likes.likecount", "pk": 19, "fields": {"content_type": 12, "object_id": 36, "liked_num": 0}}, {"model": "likes.likecount", "pk": 20, "fields": {"content_type": 12, "object_id": 42, "liked_num": 0}}, {"model": "likes.likecount", "pk": 21, "fields": {"content_type": 12, "object_id": 43, "liked_num": 0}}, {"model": "likes.likecount", "pk": 22, "fields": {"content_type": 12, "object_id": 26, "liked_num": 0}}, {"model": "likes.likecount", "pk": 23, "fields": {"content_type": 12, "object_id": 25, "liked_num": 0}}, {"model": "likes.likecount", "pk": 24, "fields": {"content_type": 12, "object_id": 24, "liked_num": 0}}, {"model": "likes.likecount", "pk": 25, "fields": {"content_type": 12, "object_id": 23, "liked_num": 0}}, {"model": "likes.likecount", "pk": 26, "fields": {"content_type": 12, "object_id": 22, "liked_num": 0}}, {"model": "likes.likecount", "pk": 27, "fields": {"content_type": 12, "object_id": 21, "liked_num": 0}}, {"model": "likes.likecount", "pk": 28, "fields": {"content_type": 12, "object_id": 20, "liked_num": 0}}, {"model": "likes.likecount", "pk": 29, "fields": {"content_type": 12, "object_id": 19, "liked_num": 0}}, {"model": "likes.likecount", "pk": 30, "fields": {"content_type": 12, "object_id": 18, "liked_num": 0}}, {"model": "likes.likecount", "pk": 31, "fields": {"content_type": 12, "object_id": 17, "liked_num": 0}}, {"model": "likes.likecount", "pk": 32, "fields": {"content_type": 12, "object_id": 16, "liked_num": 0}}, {"model": "likes.likecount", "pk": 33, "fields": {"content_type": 12, "object_id": 15, "liked_num": 0}}, {"model": "likes.likecount", "pk": 34, "fields": {"content_type": 12, "object_id": 14, "liked_num": 0}}, {"model": "likes.likecount", "pk": 35, "fields": {"content_type": 12, "object_id": 13, "liked_num": 0}}, {"model": "likes.likecount", "pk": 36, "fields": {"content_type": 12, "object_id": 12, "liked_num": 0}}, {"model": "likes.likecount", "pk": 37, "fields": {"content_type": 12, "object_id": 11, "liked_num": 0}}, {"model": "likes.likecount", "pk": 38, "fields": {"content_type": 12, "object_id": 10, "liked_num": 0}}, {"model": "likes.likecount", "pk": 39, "fields": {"content_type": 12, "object_id": 9, "liked_num": 0}}, {"model": "likes.likecount", "pk": 40, "fields": {"content_type": 12, "object_id": 8, "liked_num": 0}}, {"model": "likes.likecount", "pk": 41, "fields": {"content_type": 12, "object_id": 7, "liked_num": 0}}, {"model": "likes.likecount", "pk": 42, "fields": {"content_type": 12, "object_id": 6, "liked_num": 0}}, {"model": "likes.likecount", "pk": 43, "fields": {"content_type": 12, "object_id": 5, "liked_num": 0}}, {"model": "likes.likecount", "pk": 44, "fields": {"content_type": 12, "object_id": 4, "liked_num": 0}}, {"model": "likes.likecount", "pk": 45, "fields": {"content_type": 12, "object_id": 3, "liked_num": 0}}, {"model": "likes.likecount", "pk": 46, "fields": {"content_type": 12, "object_id": 59, "liked_num": 0}}, {"model": "likes.likecount", "pk": 47, "fields": {"content_type": 12, "object_id": 60, "liked_num": 0}}, {"model": "likes.likecount", "pk": 48, "fields": {"content_type": 12, "object_id": 61, "liked_num": 0}}, {"model": "likes.likecount", "pk": 49, "fields": {"content_type": 12, "object_id": 62, "liked_num": 0}}, {"model": "likes.likecount", "pk": 50, "fields": {"content_type": 12, "object_id": 63, "liked_num": 1}}, {"model": "likes.likecount", "pk": 51, "fields": {"content_type": 12, "object_id": 64, "liked_num": 0}}, {"model": "likes.likecount", "pk": 52, "fields": {"content_type": 12, "object_id": 65, "liked_num": 0}}, {"model": "likes.likecount", "pk": 53, "fields": {"content_type": 12, "object_id": 66, "liked_num": 0}}, {"model": "likes.likecount", "pk": 54, "fields": {"content_type": 12, "object_id": 67, "liked_num": 0}}, {"model": "likes.likecount", "pk": 55, "fields": {"content_type": 12, "object_id": 68, "liked_num": 0}}, {"model": "likes.likecount", "pk": 56, "fields": {"content_type": 12, "object_id": 69, "liked_num": 0}}, {"model": "likes.likecount", "pk": 57, "fields": {"content_type": 12, "object_id": 71, "liked_num": 0}}, {"model": "likes.likecount", "pk": 58, "fields": {"content_type": 12, "object_id": 70, "liked_num": 0}}, {"model": "likes.likecount", "pk": 59, "fields": {"content_type": 12, "object_id": 72, "liked_num": 0}}, {"model": "likes.likecount", "pk": 60, "fields": {"content_type": 12, "object_id": 73, "liked_num": 0}}, {"model": "likes.likecount", "pk": 61, "fields": {"content_type": 12, "object_id": 74, "liked_num": 0}}, {"model": "likes.likecount", "pk": 62, "fields": {"content_type": 12, "object_id": 75, "liked_num": 0}}, {"model": "likes.likecount", "pk": 63, "fields": {"content_type": 12, "object_id": 78, "liked_num": 0}}, {"model": "likes.likecount", "pk": 64, "fields": {"content_type": 12, "object_id": 77, "liked_num": 0}}, {"model": "likes.likecount", "pk": 65, "fields": {"content_type": 12, "object_id": 76, "liked_num": 0}}, {"model": "auth.permission", "pk": 1, "fields": {"name": "Can add log entry", "content_type": 1, "codename": "add_logentry"}}, {"model": "auth.permission", "pk": 2, "fields": {"name": "Can change log entry", "content_type": 1, "codename": "change_logentry"}}, {"model": "auth.permission", "pk": 3, "fields": {"name": "Can delete log entry", "content_type": 1, "codename": "delete_logentry"}}, {"model": "auth.permission", "pk": 4, "fields": {"name": "Can add permission", "content_type": 2, "codename": "add_permission"}}, {"model": "auth.permission", "pk": 5, "fields": {"name": "Can change permission", "content_type": 2, "codename": "change_permission"}}, {"model": "auth.permission", "pk": 6, "fields": {"name": "Can delete permission", "content_type": 2, "codename": "delete_permission"}}, {"model": "auth.permission", "pk": 7, "fields": {"name": "Can add group", "content_type": 3, "codename": "add_group"}}, {"model": "auth.permission", "pk": 8, "fields": {"name": "Can change group", "content_type": 3, "codename": "change_group"}}, {"model": "auth.permission", "pk": 9, "fields": {"name": "Can delete group", "content_type": 3, "codename": "delete_group"}}, {"model": "auth.permission", "pk": 10, "fields": {"name": "Can add user", "content_type": 4, "codename": "add_user"}}, {"model": "auth.permission", "pk": 11, "fields": {"name": "Can change user", "content_type": 4, "codename": "change_user"}}, {"model": "auth.permission", "pk": 12, "fields": {"name": "Can delete user", "content_type": 4, "codename": "delete_user"}}, {"model": "auth.permission", "pk": 13, "fields": {"name": "Can add content type", "content_type": 5, "codename": "add_contenttype"}}, {"model": "auth.permission", "pk": 14, "fields": {"name": "Can change content type", "content_type": 5, "codename": "change_contenttype"}}, {"model": "auth.permission", "pk": 15, "fields": {"name": "Can delete content type", "content_type": 5, "codename": "delete_contenttype"}}, {"model": "auth.permission", "pk": 16, "fields": {"name": "Can add session", "content_type": 6, "codename": "add_session"}}, {"model": "auth.permission", "pk": 17, "fields": {"name": "Can change session", "content_type": 6, "codename": "change_session"}}, {"model": "auth.permission", "pk": 18, "fields": {"name": "Can delete session", "content_type": 6, "codename": "delete_session"}}, {"model": "auth.permission", "pk": 19, "fields": {"name": "Can add blog type", "content_type": 7, "codename": "add_blogtype"}}, {"model": "auth.permission", "pk": 20, "fields": {"name": "Can change blog type", "content_type": 7, "codename": "change_blogtype"}}, {"model": "auth.permission", "pk": 21, "fields": {"name": "Can delete blog type", "content_type": 7, "codename": "delete_blogtype"}}, {"model": "auth.permission", "pk": 22, "fields": {"name": "Can add blog", "content_type": 8, "codename": "add_blog"}}, {"model": "auth.permission", "pk": 23, "fields": {"name": "Can change blog", "content_type": 8, "codename": "change_blog"}}, {"model": "auth.permission", "pk": 24, "fields": {"name": "Can delete blog", "content_type": 8, "codename": "delete_blog"}}, {"model": "auth.permission", "pk": 25, "fields": {"name": "Can add read num", "content_type": 9, "codename": "add_readnum"}}, {"model": "auth.permission", "pk": 26, "fields": {"name": "Can change read num", "content_type": 9, "codename": "change_readnum"}}, {"model": "auth.permission", "pk": 27, "fields": {"name": "Can delete read num", "content_type": 9, "codename": "delete_readnum"}}, {"model": "auth.permission", "pk": 28, "fields": {"name": "Can add read num", "content_type": 10, "codename": "add_readnum"}}, {"model": "auth.permission", "pk": 29, "fields": {"name": "Can change read num", "content_type": 10, "codename": "change_readnum"}}, {"model": "auth.permission", "pk": 30, "fields": {"name": "Can delete read num", "content_type": 10, "codename": "delete_readnum"}}, {"model": "auth.permission", "pk": 31, "fields": {"name": "Can add read detail", "content_type": 11, "codename": "add_readdetail"}}, {"model": "auth.permission", "pk": 32, "fields": {"name": "Can change read detail", "content_type": 11, "codename": "change_readdetail"}}, {"model": "auth.permission", "pk": 33, "fields": {"name": "Can delete read detail", "content_type": 11, "codename": "delete_readdetail"}}, {"model": "auth.permission", "pk": 34, "fields": {"name": "Can add comment", "content_type": 12, "codename": "add_comment"}}, {"model": "auth.permission", "pk": 35, "fields": {"name": "Can change comment", "content_type": 12, "codename": "change_comment"}}, {"model": "auth.permission", "pk": 36, "fields": {"name": "Can delete comment", "content_type": 12, "codename": "delete_comment"}}, {"model": "auth.permission", "pk": 37, "fields": {"name": "Can add reply", "content_type": 13, "codename": "add_reply"}}, {"model": "auth.permission", "pk": 38, "fields": {"name": "Can change reply", "content_type": 13, "codename": "change_reply"}}, {"model": "auth.permission", "pk": 39, "fields": {"name": "Can delete reply", "content_type": 13, "codename": "delete_reply"}}, {"model": "auth.permission", "pk": 40, "fields": {"name": "Can add like count", "content_type": 14, "codename": "add_likecount"}}, {"model": "auth.permission", "pk": 41, "fields": {"name": "Can change like count", "content_type": 14, "codename": "change_likecount"}}, {"model": "auth.permission", "pk": 42, "fields": {"name": "Can delete like count", "content_type": 14, "codename": "delete_likecount"}}, {"model": "auth.permission", "pk": 43, "fields": {"name": "Can add like record", "content_type": 15, "codename": "add_likerecord"}}, {"model": "auth.permission", "pk": 44, "fields": {"name": "Can change like record", "content_type": 15, "codename": "change_likerecord"}}, {"model": "auth.permission", "pk": 45, "fields": {"name": "Can delete like record", "content_type": 15, "codename": "delete_likerecord"}}, {"model": "auth.permission", "pk": 46, "fields": {"name": "Can add profile", "content_type": 16, "codename": "add_profile"}}, {"model": "auth.permission", "pk": 47, "fields": {"name": "Can change profile", "content_type": 16, "codename": "change_profile"}}, {"model": "auth.permission", "pk": 48, "fields": {"name": "Can delete profile", "content_type": 16, "codename": "delete_profile"}}, {"model": "auth.user", "pk": 1, "fields": {"password": "pbkdf2_sha256$100000$nx13Tsr1aJAG$sjqyLDkKr3uXN+W4rc119w1rql6D1iaKuGf8NpC4wPI=", "last_login": "2022-03-05T14:05:04.140Z", "is_superuser": true, "username": "salefish", "first_name": "", "last_name": "", "email": "1055132129@qq.com", "is_staff": true, "is_active": true, "date_joined": "2022-01-26T13:08:00Z", "groups": [], "user_permissions": []}}, {"model": "auth.user", "pk": 2, "fields": {"password": "pbkdf2_sha256$100000$dWkLFhmxae2R$cBA65EbyI76K9KGuNj2IC9TWDBw6JVugyZldpu6jsVY=", "last_login": "2022-03-03T14:15:26.052Z", "is_superuser": false, "username": "saltfish", "first_name": "", "last_name": "", "email": "1@qq.com", "is_staff": false, "is_active": true, "date_joined": "2022-02-23T14:49:06.796Z", "groups": [], "user_permissions": []}}, {"model": "auth.user", "pk": 3, "fields": {"password": "pbkdf2_sha256$100000$xkozMwhAIOq6$z40ZK6WH1c6Z69SFqo9kjKLiDwU10fMU6Py8PQRoY3A=", "last_login": "2022-03-06T09:05:55.852Z", "is_superuser": false, "username": "007", "first_name": "", "last_name": "", "email": "2801870377@qq.com", "is_staff": false, "is_active": true, "date_joined": "2022-03-05T13:19:39.779Z", "groups": [], "user_permissions": []}}, {"model": "blog.blog", "pk": 3, "fields": {"title": "\u957f\u5185\u5bb9\u7684\u535a\u5ba2", "blog_type": 2, "content": "<p><img alt=\"\" src=\"/media/upload/2022/02/15/photo2.png\" style=\"height:836px; width:1254px\" />\u5927\u6cd5\u5e08\u6240ddsa<strong>fdsafadsfs</strong><br />\r\nfdsafsd</p>\r\n\r\n<p><span style=\"color:#27ae60\">dasfads</span></p>", "author": 1, "created_time": "2022-02-07T14:00:32.355Z", "last_updated_time": "2022-02-07T14:00:32.355Z"}}, {"model": "blog.blog", "pk": 4, "fields": {"title": "\u968f\u7b142", "blog_type": 2, "content": "\u5927\u849c\u561f", "author": 1, "created_time": "2022-02-07T14:22:29.159Z", "last_updated_time": "2022-02-07T14:22:29.159Z"}}, {"model": "blog.blog", "pk": 5, "fields": {"title": "Django1", "blog_type": 1, "content": "fdsaf", "author": 1, "created_time": "2022-02-07T14:22:47.174Z", "last_updated_time": "2022-02-07T14:22:47.174Z"}}, {"model": "blog.blog", "pk": 6, "fields": {"title": "shell\u6a21\u5f0f\u4e0b\u7b2c1\u7bc7", "blog_type": 1, "content": "xxxxx", "author": 1, "created_time": "2022-02-12T13:29:57.264Z", "last_updated_time": "2022-02-12T13:29:57.264Z"}}, {"model": "blog.blog", "pk": 7, "fields": {"title": "for 1", "blog_type": 1, "content": "xxxx:1", "author": 1, "created_time": "2022-02-12T13:59:38.976Z", "last_updated_time": "2022-02-12T13:59:38.976Z"}}, {"model": "blog.blog", "pk": 8, "fields": {"title": "for 2", "blog_type": 1, "content": "xxxx:2", "author": 1, "created_time": "2022-02-12T13:59:38.979Z", "last_updated_time": "2022-02-12T13:59:38.979Z"}}, {"model": "blog.blog", "pk": 9, "fields": {"title": "for 3", "blog_type": 1, "content": "xxxx:3", "author": 1, "created_time": "2022-02-12T13:59:38.982Z", "last_updated_time": "2022-02-12T13:59:38.982Z"}}, {"model": "blog.blog", "pk": 10, "fields": {"title": "for 4", "blog_type": 1, "content": "xxxx:4", "author": 1, "created_time": "2022-02-12T13:59:38.985Z", "last_updated_time": "2022-02-12T13:59:38.985Z"}}, {"model": "blog.blog", "pk": 11, "fields": {"title": "for 5", "blog_type": 1, "content": "xxxx:5", "author": 1, "created_time": "2022-02-12T13:59:38.988Z", "last_updated_time": "2022-02-12T13:59:38.988Z"}}, {"model": "blog.blog", "pk": 12, "fields": {"title": "for 6", "blog_type": 1, "content": "xxxx:6", "author": 1, "created_time": "2022-02-12T13:59:38.990Z", "last_updated_time": "2022-02-12T13:59:38.990Z"}}, {"model": "blog.blog", "pk": 13, "fields": {"title": "for 7", "blog_type": 1, "content": "xxxx:7", "author": 1, "created_time": "2022-02-12T13:59:38.993Z", "last_updated_time": "2022-02-12T13:59:38.993Z"}}, {"model": "blog.blog", "pk": 14, "fields": {"title": "for 8", "blog_type": 1, "content": "xxxx:8", "author": 1, "created_time": "2022-02-12T13:59:38.996Z", "last_updated_time": "2022-02-12T13:59:38.996Z"}}, {"model": "blog.blog", "pk": 15, "fields": {"title": "for 9", "blog_type": 1, "content": "xxxx:9", "author": 1, "created_time": "2022-02-12T13:59:38.999Z", "last_updated_time": "2022-02-12T13:59:38.999Z"}}, {"model": "blog.blog", "pk": 16, "fields": {"title": "for 10", "blog_type": 1, "content": "xxxx:10", "author": 1, "created_time": "2022-02-12T13:59:39.002Z", "last_updated_time": "2022-02-12T13:59:39.002Z"}}, {"model": "blog.blog", "pk": 17, "fields": {"title": "for 11", "blog_type": 1, "content": "xxxx:11", "author": 1, "created_time": "2022-02-12T13:59:39.004Z", "last_updated_time": "2022-02-12T13:59:39.004Z"}}, {"model": "blog.blog", "pk": 18, "fields": {"title": "for 12", "blog_type": 1, "content": "xxxx:12", "author": 1, "created_time": "2022-02-12T13:59:39.007Z", "last_updated_time": "2022-02-12T13:59:39.007Z"}}, {"model": "blog.blog", "pk": 19, "fields": {"title": "for 13", "blog_type": 1, "content": "xxxx:13", "author": 1, "created_time": "2022-02-12T13:59:39.009Z", "last_updated_time": "2022-02-12T13:59:39.009Z"}}, {"model": "blog.blog", "pk": 20, "fields": {"title": "for 14", "blog_type": 1, "content": "xxxx:14", "author": 1, "created_time": "2022-02-12T13:59:39.012Z", "last_updated_time": "2022-02-12T13:59:39.012Z"}}, {"model": "blog.blog", "pk": 21, "fields": {"title": "for 15", "blog_type": 1, "content": "xxxx:15", "author": 1, "created_time": "2022-02-12T13:59:39.015Z", "last_updated_time": "2022-02-12T13:59:39.015Z"}}, {"model": "blog.blog", "pk": 22, "fields": {"title": "for 16", "blog_type": 1, "content": "xxxx:16", "author": 1, "created_time": "2022-02-12T13:59:39.017Z", "last_updated_time": "2022-02-12T13:59:39.017Z"}}, {"model": "blog.blog", "pk": 23, "fields": {"title": "for 17", "blog_type": 1, "content": "xxxx:17", "author": 1, "created_time": "2022-02-12T13:59:39.020Z", "last_updated_time": "2022-02-12T13:59:39.020Z"}}, {"model": "blog.blog", "pk": 24, "fields": {"title": "for 18", "blog_type": 1, "content": "xxxx:18", "author": 1, "created_time": "2022-02-12T13:59:39.022Z", "last_updated_time": "2022-02-12T13:59:39.022Z"}}, {"model": "blog.blog", "pk": 25, "fields": {"title": "for 19", "blog_type": 1, "content": "xxxx:19", "author": 1, "created_time": "2022-02-12T13:59:39.025Z", "last_updated_time": "2022-02-12T13:59:39.025Z"}}, {"model": "blog.blog", "pk": 26, "fields": {"title": "for 20", "blog_type": 1, "content": "xxxx:20", "author": 1, "created_time": "2022-02-12T13:59:39.028Z", "last_updated_time": "2022-02-12T13:59:39.028Z"}}, {"model": "blog.blog", "pk": 27, "fields": {"title": "for 21", "blog_type": 1, "content": "xxxx:21", "author": 1, "created_time": "2022-02-12T13:59:39.031Z", "last_updated_time": "2022-02-12T13:59:39.031Z"}}, {"model": "blog.blog", "pk": 28, "fields": {"title": "for 22", "blog_type": 1, "content": "xxxx:22", "author": 1, "created_time": "2022-02-12T13:59:39.034Z", "last_updated_time": "2022-02-12T13:59:39.034Z"}}, {"model": "blog.blog", "pk": 29, "fields": {"title": "for 23", "blog_type": 1, "content": "xxxx:23", "author": 1, "created_time": "2022-02-12T13:59:39.036Z", "last_updated_time": "2022-02-12T13:59:39.036Z"}}, {"model": "blog.blog", "pk": 30, "fields": {"title": "for 24", "blog_type": 1, "content": "xxxx:24", "author": 1, "created_time": "2022-02-12T13:59:39.039Z", "last_updated_time": "2022-02-12T13:59:39.039Z"}}, {"model": "blog.blog", "pk": 31, "fields": {"title": "for 25", "blog_type": 1, "content": "xxxx:25", "author": 1, "created_time": "2022-02-12T13:59:39.042Z", "last_updated_time": "2022-02-12T13:59:39.042Z"}}, {"model": "blog.blog", "pk": 32, "fields": {"title": "for 26", "blog_type": 1, "content": "xxxx:26", "author": 1, "created_time": "2022-02-12T13:59:39.044Z", "last_updated_time": "2022-02-12T13:59:39.044Z"}}, {"model": "blog.blog", "pk": 33, "fields": {"title": "for 27", "blog_type": 1, "content": "xxxx:27", "author": 1, "created_time": "2022-02-12T13:59:39.047Z", "last_updated_time": "2022-02-12T13:59:39.047Z"}}, {"model": "blog.blog", "pk": 34, "fields": {"title": "for 28", "blog_type": 1, "content": "xxxx:28", "author": 1, "created_time": "2022-02-12T13:59:39.050Z", "last_updated_time": "2022-02-12T13:59:39.050Z"}}, {"model": "blog.blog", "pk": 35, "fields": {"title": "for 29", "blog_type": 1, "content": "xxxx:29", "author": 1, "created_time": "2022-02-12T13:59:39.053Z", "last_updated_time": "2022-02-12T13:59:39.053Z"}}, {"model": "blog.blog", "pk": 36, "fields": {"title": "for 30", "blog_type": 1, "content": "<p>xxxx:30</p>", "author": 1, "created_time": "2022-02-12T13:59:39.056Z", "last_updated_time": "2022-02-12T13:59:39.056Z"}}, {"model": "blog.blog", "pk": 37, "fields": {"title": "\u53fb\u53fb\u732a", "blog_type": 3, "content": "<p>\u4eca\u5929\u6211\u662f\u8fd9\u6761\u8857\u6700\u53fb\u7684<strong>\u732a\u732a</strong></p>", "author": 1, "created_time": "2022-02-22T14:35:15.136Z", "last_updated_time": "2022-02-22T14:35:15.136Z"}}, {"model": "comment.comment", "pk": 1, "fields": {"content_type": 8, "object_id": 36, "text": "sad", "comment_time": "2022-02-22T14:06:27.560Z", "user": 1, "root": null, "parent": null, "reply_to": null}}, {"model": "comment.comment", "pk": 2, "fields": {"content_type": 8, "object_id": 36, "text": "fdsafdsafds", "comment_time": "2022-02-22T14:15:45.375Z", "user": 1, "root": null, "parent": null, "reply_to": null}}, {"model": "comment.comment", "pk": 3, "fields": {"content_type": 8, "object_id": 37, "text": "\u54c7\uff0c\u4f60\u7684\u597d\u53fb\u53fb\u554a", "comment_time": "2022-02-22T14:35:35.151Z", "user": 1, "root": null, "parent": null, "reply_to": null}}, {"model": "comment.comment", "pk": 4, "fields": {"content_type": 8, "object_id": 37, "text": "\u89c4\u8303\u70b9", "comment_time": "2022-02-24T12:48:19.076Z", "user": 1, "root": null, "parent": null, "reply_to": null}}, {"model": "comment.comment", "pk": 5, "fields": {"content_type": 8, "object_id": 37, "text": "\u963f\u8428\u5fb7", "comment_time": "2022-02-24T13:23:50.902Z", "user": 1, "root": null, "parent": null, "reply_to": null}}, {"model": "comment.comment", "pk": 6, "fields": {"content_type": 8, "object_id": 37, "text": "<p>fds&nbsp;</p>", "comment_time": "2022-02-24T13:39:49.149Z", "user": 1, "root": null, "parent": null, "reply_to": null}}, {"model": "comment.comment", "pk": 7, "fields": {"content_type": 8, "object_id": 37, "text": "<p>\u4f60\u771f\u7cfb\u53fb\u53fb\u732a<img alt=\"yes\" height=\"23\" src=\"http://127.0.0.1:8000/static/ckeditor/ckeditor/plugins/smiley/images/thumbs_up.png\" title=\"yes\" width=\"23\" /></p>", "comment_time": "2022-02-24T13:43:07.051Z", "user": 1, "root": null, "parent": null, "reply_to": null}}, {"model": "comment.comment", "pk": 8, "fields": {"content_type": 8, "object_id": 37, "text": "<p>fdsf sdfdsfdsfdsfdsdfs</p>", "comment_time": "2022-02-24T14:05:01.503Z", "user": 1, "root": null, "parent": null, "reply_to": null}}, {"model": "comment.comment", "pk": 9, "fields": {"content_type": 8, "object_id": 37, "text": "<p>tdsft</p>", "comment_time": "2022-02-24T14:06:19.246Z", "user": 1, "root": null, "parent": null, "reply_to": null}}, {"model": "comment.comment", "pk": 10, "fields": {"content_type": 8, "object_id": 37, "text": "<p>99696</p>", "comment_time": "2022-02-24T14:09:41.645Z", "user": 1, "root": null, "parent": null, "reply_to": null}}, {"model": "comment.comment", "pk": 11, "fields": {"content_type": 8, "object_id": 37, "text": "<p>fdsfsd</p>", "comment_time": "2022-02-24T14:10:31.069Z", "user": 1, "root": null, "parent": null, "reply_to": null}}, {"model": "comment.comment", "pk": 12, "fields": {"content_type": 8, "object_id": 37, "text": "<p>fasfas</p>", "comment_time": "2022-02-24T14:11:57.622Z", "user": 1, "root": null, "parent": null, "reply_to": null}}, {"model": "comment.comment", "pk": 13, "fields": {"content_type": 8, "object_id": 37, "text": "<p>\u8fd9\u662f\u5927\u6c99\u5730\u597d\u8bf4\u7684\u6211\u963f\u65af\u987f\u53f7hi\u7231\u662f\u6ef4\u554a\u4e0a<img alt=\"enlightened\" height=\"23\" src=\"http://127.0.0.1:8000/static/ckeditor/ckeditor/plugins/smiley/images/lightbulb.png\" title=\"enlightened\" width=\"23\" /></p>", "comment_time": "2022-02-24T14:18:33.271Z", "user": 1, "root": null, "parent": null, "reply_to": null}}, {"model": "comment.comment", "pk": 14, "fields": {"content_type": 8, "object_id": 37, "text": "<p>\u8fd9\u662f\u5927\u6c99\u5730\u597d\u8bf4\u7684\u6211\u963f\u65af\u987f\u53f7hi\u7231\u662f\u6ef4\u554a\u4e0a<img alt=\"enlightened\" height=\"23\" src=\"http://127.0.0.1:8000/static/ckeditor/ckeditor/plugins/smiley/images/lightbulb.png\" title=\"enlightened\" width=\"23\" /></p>", "comment_time": "2022-02-24T14:20:28.683Z", "user": 1, "root": null, "parent": null, "reply_to": null}}, {"model": "comment.comment", "pk": 15, "fields": {"content_type": 8, "object_id": 37, "text": "<p>\u8fd9\u662f\u5927\u6c99\u5730\u597d\u8bf4\u7684\u6211\u963f\u65af\u987f\u53f7hi\u7231\u662f\u6ef4\u554a\u4e0a<img alt=\"enlightened\" height=\"23\" src=\"http://127.0.0.1:8000/static/ckeditor/ckeditor/plugins/smiley/images/lightbulb.png\" title=\"enlightened\" width=\"23\" /></p>", "comment_time": "2022-02-24T14:20:31.706Z", "user": 1, "root": null, "parent": null, "reply_to": null}}, {"model": "comment.comment", "pk": 16, "fields": {"content_type": 8, "object_id": 37, "text": "<p>788</p>", "comment_time": "2022-02-24T14:21:49.711Z", "user": 1, "root": null, "parent": null, "reply_to": null}}, {"model": "comment.comment", "pk": 17, "fields": {"content_type": 8, "object_id": 37, "text": "<p>\u5de5\u4eba\u623f</p>", "comment_time": "2022-02-24T14:22:14.478Z", "user": 1, "root": null, "parent": null, "reply_to": null}}, {"model": "comment.comment", "pk": 18, "fields": {"content_type": 8, "object_id": 37, "text": "<p>\u53d1\u9012\u56db\u65b9\u901f\u9012</p>", "comment_time": "2022-02-24T14:22:52.308Z", "user": 1, "root": null, "parent": null, "reply_to": null}}, {"model": "comment.comment", "pk": 19, "fields": {"content_type": 8, "object_id": 37, "text": "<p>\u53d1\u9012\u56db\u65b9\u901f\u9012</p>", "comment_time": "2022-02-24T14:22:54.674Z", "user": 1, "root": null, "parent": null, "reply_to": null}}, {"model": "comment.comment", "pk": 20, "fields": {"content_type": 8, "object_id": 37, "text": "<p>\u6d6e\u70b9\u6570</p>", "comment_time": "2022-02-24T14:23:17.237Z", "user": 1, "root": null, "parent": null, "reply_to": null}}, {"model": "comment.comment", "pk": 21, "fields": {"content_type": 8, "object_id": 37, "text": "<p>test</p>", "comment_time": "2022-02-24T14:23:49.446Z", "user": 1, "root": null, "parent": null, "reply_to": null}}, {"model": "comment.comment", "pk": 22, "fields": {"content_type": 8, "object_id": 37, "text": "<p>FDSFDS</p>", "comment_time": "2022-02-24T14:25:22.340Z", "user": 1, "root": null, "parent": null, "reply_to": null}}, {"model": "comment.comment", "pk": 23, "fields": {"content_type": 8, "object_id": 37, "text": "<p>FDSFDS\u4e2a\u68b5\u8482\u5188</p>", "comment_time": "2022-02-24T14:28:37.446Z", "user": 1, "root": null, "parent": null, "reply_to": null}}, {"model": "comment.comment", "pk": 24, "fields": {"content_type": 8, "object_id": 37, "text": "<p>\u8c37\u6b4c</p>", "comment_time": "2022-02-24T14:44:19.795Z", "user": 1, "root": null, "parent": null, "reply_to": null}}, {"model": "comment.comment", "pk": 25, "fields": {"content_type": 8, "object_id": 37, "text": "<p>fdsf</p>", "comment_time": "2022-02-24T14:57:16.827Z", "user": 1, "root": null, "parent": null, "reply_to": null}}, {"model": "comment.comment", "pk": 26, "fields": {"content_type": 8, "object_id": 37, "text": "<p>\u6d6e\u70b9\u6570&nbsp; \u7b2c\u4e09\u65b9</p>", "comment_time": "2022-02-24T14:57:50.978Z", "user": 1, "root": null, "parent": null, "reply_to": null}}, {"model": "comment.comment", "pk": 27, "fields": {"content_type": 8, "object_id": 34, "text": "<p>\u6d6e\u70b9\u6570</p>", "comment_time": "2022-02-24T14:58:22.443Z", "user": 1, "root": null, "parent": null, "reply_to": null}}, {"model": "comment.comment", "pk": 28, "fields": {"content_type": 8, "object_id": 33, "text": "<p>fdsf&nbsp;</p>", "comment_time": "2022-02-24T15:04:45.730Z", "user": 1, "root": null, "parent": null, "reply_to": null}}, {"model": "comment.comment", "pk": 29, "fields": {"content_type": 8, "object_id": 35, "text": "<p>dsaf&nbsp;</p>", "comment_time": "2022-02-24T15:05:00.036Z", "user": 1, "root": null, "parent": null, "reply_to": null}}, {"model": "comment.comment", "pk": 30, "fields": {"content_type": 8, "object_id": 35, "text": "<p>df&nbsp;</p>", "comment_time": "2022-02-24T15:05:22.586Z", "user": 1, "root": null, "parent": null, "reply_to": null}}, {"model": "comment.comment", "pk": 31, "fields": {"content_type": 8, "object_id": 35, "text": "<p>fdsfdsf</p>", "comment_time": "2022-02-24T15:06:09.994Z", "user": 1, "root": null, "parent": null, "reply_to": null}}, {"model": "comment.comment", "pk": 32, "fields": {"content_type": 8, "object_id": 32, "text": "<p>fdsffdsf</p>", "comment_time": "2022-02-24T15:06:48.508Z", "user": 1, "root": null, "parent": null, "reply_to": null}}, {"model": "comment.comment", "pk": 33, "fields": {"content_type": 8, "object_id": 32, "text": "<p><img alt=\"blush\" height=\"23\" src=\"http://127.0.0.1:8000/static/ckeditor/ckeditor/plugins/smiley/images/embarrassed_smile.png\" title=\"blush\" width=\"23\" /></p>", "comment_time": "2022-02-24T15:08:10.090Z", "user": 1, "root": null, "parent": null, "reply_to": null}}, {"model": "comment.comment", "pk": 34, "fields": {"content_type": 8, "object_id": 37, "text": "<p><img alt=\"yes\" height=\"23\" src=\"http://127.0.0.1:8000/static/ckeditor/ckeditor/plugins/smiley/images/thumbs_up.png\" title=\"yes\" width=\"23\" /><img alt=\"yes\" height=\"23\" src=\"http://127.0.0.1:8000/static/ckeditor/ckeditor/plugins/smiley/images/thumbs_up.png\" title=\"yes\" width=\"23\" /><img alt=\"yes\" height=\"23\" src=\"http://127.0.0.1:8000/static/ckeditor/ckeditor/plugins/smiley/images/thumbs_up.png\" title=\"yes\" width=\"23\" /><img alt=\"yes\" height=\"23\" src=\"http://127.0.0.1:8000/static/ckeditor/ckeditor/plugins/smiley/images/thumbs_up.png\" title=\"yes\" width=\"23\" /><img alt=\"yes\" height=\"23\" src=\"http://127.0.0.1:8000/static/ckeditor/ckeditor/plugins/smiley/images/thumbs_up.png\" title=\"yes\" width=\"23\" /></p>", "comment_time": "2022-02-24T15:08:36.651Z", "user": 1, "root": null, "parent": null, "reply_to": null}}, {"model": "comment.comment", "pk": 36, "fields": {"content_type": 8, "object_id": 37, "text": "\u5b50\u8bc4\u8bba", "comment_time": "2022-02-25T13:13:15.526Z", "user": 1, "root": 34, "parent": 32, "reply_to": 1}}, {"model": "comment.comment", "pk": 37, "fields": {"content_type": 8, "object_id": 37, "text": "<p>\u4e2a\u68b5\u8482\u5188</p>", "comment_time": "2022-02-25T14:00:36.590Z", "user": 1, "root": null, "parent": null, "reply_to": null}}, {"model": "comment.comment", "pk": 38, "fields": {"content_type": 8, "object_id": 37, "text": "<p>\u591a\u6492\u591a\u554a</p>", "comment_time": "2022-02-25T15:12:11.453Z", "user": 1, "root": null, "parent": 34, "reply_to": 1}}, {"model": "comment.comment", "pk": 39, "fields": {"content_type": 8, "object_id": 37, "text": "<p>jhbhjjk</p>", "comment_time": "2022-02-25T15:12:26.641Z", "user": 1, "root": null, "parent": 37, "reply_to": 1}}, {"model": "comment.comment", "pk": 40, "fields": {"content_type": 8, "object_id": 37, "text": "<p>\u51fa\u73b0\u5728</p>", "comment_time": "2022-02-25T15:12:49.427Z", "user": 1, "root": null, "parent": 37, "reply_to": 1}}, {"model": "comment.comment", "pk": 41, "fields": {"content_type": 8, "object_id": 37, "text": "<p>hjgjh</p>", "comment_time": "2022-02-25T15:15:11.204Z", "user": 1, "root": null, "parent": null, "reply_to": null}}, {"model": "comment.comment", "pk": 42, "fields": {"content_type": 8, "object_id": 37, "text": "<p>\u963f\u65af\u987f\u6492</p>", "comment_time": "2022-02-25T15:19:59.418Z", "user": 1, "root": 34, "parent": 34, "reply_to": 1}}, {"model": "comment.comment", "pk": 43, "fields": {"content_type": 8, "object_id": 37, "text": "<p>\u554a\u5b9e\u6253\u5b9e</p>", "comment_time": "2022-02-25T15:20:13.943Z", "user": 1, "root": 34, "parent": 36, "reply_to": 1}}, {"model": "comment.comment", "pk": 44, "fields": {"content_type": 8, "object_id": 31, "text": "<p>\u5389\u5bb3\u5389\u5bb3<img alt=\"yes\" height=\"23\" src=\"http://127.0.0.1:8000/static/ckeditor/ckeditor/plugins/smiley/images/thumbs_up.png\" title=\"yes\" width=\"23\" /></p>", "comment_time": "2022-02-26T13:13:01.752Z", "user": 1, "root": null, "parent": null, "reply_to": null}}, {"model": "comment.comment", "pk": 45, "fields": {"content_type": 8, "object_id": 31, "text": "<p>\u4eba\u5de5\u8d39\u7684</p>", "comment_time": "2022-02-26T13:13:27.572Z", "user": 1, "root": null, "parent": null, "reply_to": null}}, {"model": "comment.comment", "pk": 46, "fields": {"content_type": 8, "object_id": 35, "text": "<p>\u8303\u5fb7\u8428\u8303\u5fb7\u8428\u53d1</p>", "comment_time": "2022-02-26T13:22:38.640Z", "user": 1, "root": 31, "parent": 31, "reply_to": 1}}, {"model": "comment.comment", "pk": 47, "fields": {"content_type": 8, "object_id": 35, "text": "<p>\u7b2c\u4e09\u65b9\u7b2c\u4e09\u65b9</p>", "comment_time": "2022-02-26T13:42:37.663Z", "user": 1, "root": 31, "parent": 46, "reply_to": 1}}, {"model": "comment.comment", "pk": 48, "fields": {"content_type": 8, "object_id": 35, "text": "<p>\u7b2c\u4e09\u65b9\u7b2c\u4e09\u65b9</p>", "comment_time": "2022-02-26T13:42:45.702Z", "user": 1, "root": 31, "parent": 46, "reply_to": 1}}, {"model": "comment.comment", "pk": 49, "fields": {"content_type": 8, "object_id": 35, "text": "<p>\u7b2c\u4e09\u65b9\u7b2c\u4e09\u65b9</p>", "comment_time": "2022-02-26T13:42:49.350Z", "user": 1, "root": 31, "parent": 46, "reply_to": 1}}, {"model": "comment.comment", "pk": 50, "fields": {"content_type": 8, "object_id": 35, "text": "<p>fdsf</p>", "comment_time": "2022-02-26T13:44:05.848Z", "user": 1, "root": 31, "parent": 49, "reply_to": 1}}, {"model": "comment.comment", "pk": 51, "fields": {"content_type": 8, "object_id": 37, "text": "<p>\u7684\u5206\u624b\u8d39</p>", "comment_time": "2022-02-26T13:54:34.625Z", "user": 1, "root": 41, "parent": 41, "reply_to": 1}}, {"model": "comment.comment", "pk": 52, "fields": {"content_type": 8, "object_id": 37, "text": "<p>\u5403\u9999\u83dc</p>", "comment_time": "2022-02-26T13:54:39.101Z", "user": 1, "root": null, "parent": null, "reply_to": null}}, {"model": "comment.comment", "pk": 53, "fields": {"content_type": 8, "object_id": 37, "text": "<p>csdfdf</p>", "comment_time": "2022-02-26T14:15:43.530Z", "user": 1, "root": 52, "parent": 52, "reply_to": 1}}, {"model": "comment.comment", "pk": 54, "fields": {"content_type": 8, "object_id": 37, "text": "<p>gfdgfdg</p>", "comment_time": "2022-02-26T14:15:48.036Z", "user": 1, "root": null, "parent": null, "reply_to": null}}, {"model": "comment.comment", "pk": 55, "fields": {"content_type": 8, "object_id": 37, "text": "<p>fdsfsdfsd</p>", "comment_time": "2022-02-26T14:16:05.997Z", "user": 1, "root": null, "parent": null, "reply_to": null}}, {"model": "comment.comment", "pk": 56, "fields": {"content_type": 8, "object_id": 37, "text": "<p>dsadas</p>", "comment_time": "2022-02-26T14:17:44.504Z", "user": 1, "root": null, "parent": null, "reply_to": null}}, {"model": "comment.comment", "pk": 57, "fields": {"content_type": 8, "object_id": 37, "text": "<p>hghh</p>", "comment_time": "2022-02-26T14:18:29.311Z", "user": 1, "root": null, "parent": null, "reply_to": null}}, {"model": "comment.comment", "pk": 58, "fields": {"content_type": 8, "object_id": 37, "text": "<p>ffff</p>", "comment_time": "2022-02-26T14:19:00.503Z", "user": 1, "root": null, "parent": null, "reply_to": null}}, {"model": "comment.comment", "pk": 59, "fields": {"content_type": 8, "object_id": 37, "text": "<p>dsaf</p>", "comment_time": "2022-02-28T15:08:53.263Z", "user": 1, "root": 58, "parent": 58, "reply_to": 1}}, {"model": "comment.comment", "pk": 60, "fields": {"content_type": 8, "object_id": 37, "text": "<p>gghh</p>", "comment_time": "2022-03-01T13:40:06.682Z", "user": 1, "root": null, "parent": null, "reply_to": null}}, {"model": "comment.comment", "pk": 61, "fields": {"content_type": 8, "object_id": 37, "text": "<p>dsadasdsa</p>", "comment_time": "2022-03-01T13:40:20.632Z", "user": 1, "root": 60, "parent": 60, "reply_to": 1}}, {"model": "comment.comment", "pk": 62, "fields": {"content_type": 8, "object_id": 37, "text": "<p>asdasd</p>", "comment_time": "2022-03-01T13:41:05.299Z", "user": 1, "root": 60, "parent": 60, "reply_to": 1}}, {"model": "comment.comment", "pk": 63, "fields": {"content_type": 8, "object_id": 37, "text": "<p>sadasd</p>", "comment_time": "2022-03-01T13:44:04.041Z", "user": 1, "root": null, "parent": null, "reply_to": null}}, {"model": "comment.comment", "pk": 64, "fields": {"content_type": 8, "object_id": 37, "text": "<p>asddas</p>", "comment_time": "2022-03-01T13:44:06.442Z", "user": 1, "root": 63, "parent": 63, "reply_to": 1}}, {"model": "comment.comment", "pk": 65, "fields": {"content_type": 8, "object_id": 37, "text": "<p>fdsfds</p>", "comment_time": "2022-03-01T13:49:56.162Z", "user": 1, "root": 63, "parent": 64, "reply_to": 1}}, {"model": "comment.comment", "pk": 66, "fields": {"content_type": 8, "object_id": 37, "text": "<p>asaaaaghhh</p>", "comment_time": "2022-03-01T13:50:27.898Z", "user": 1, "root": 63, "parent": 64, "reply_to": 1}}, {"model": "comment.comment", "pk": 67, "fields": {"content_type": 8, "object_id": 37, "text": "<p>asdasd</p>", "comment_time": "2022-03-01T13:51:00.073Z", "user": 1, "root": 63, "parent": 66, "reply_to": 1}}, {"model": "comment.comment", "pk": 68, "fields": {"content_type": 8, "object_id": 37, "text": "<p>32432423</p>", "comment_time": "2022-03-01T13:51:45.129Z", "user": 1, "root": 63, "parent": 63, "reply_to": 1}}, {"model": "comment.comment", "pk": 69, "fields": {"content_type": 8, "object_id": 37, "text": "<p>6654645546</p>", "comment_time": "2022-03-01T13:53:19.713Z", "user": 1, "root": 63, "parent": 64, "reply_to": 1}}, {"model": "comment.comment", "pk": 70, "fields": {"content_type": 8, "object_id": 37, "text": "<p>34242343</p>", "comment_time": "2022-03-01T13:54:41.569Z", "user": 1, "root": 63, "parent": 64, "reply_to": 1}}, {"model": "comment.comment", "pk": 71, "fields": {"content_type": 8, "object_id": 37, "text": "<p>hy767576nb5</p>", "comment_time": "2022-03-01T13:54:50.822Z", "user": 1, "root": 63, "parent": 70, "reply_to": 1}}, {"model": "comment.comment", "pk": 72, "fields": {"content_type": 8, "object_id": 37, "text": "<p>\u54c8\u54c8</p>", "comment_time": "2022-03-04T14:59:16.239Z", "user": 2, "root": null, "parent": null, "reply_to": null}}, {"model": "comment.comment", "pk": 73, "fields": {"content_type": 8, "object_id": 37, "text": "<p>\u5389\u5bb3</p>", "comment_time": "2022-03-04T14:59:21.948Z", "user": 2, "root": 72, "parent": 72, "reply_to": 2}}, {"model": "comment.comment", "pk": 74, "fields": {"content_type": 8, "object_id": 37, "text": "<p>\u5566\u5566\u5566\u5566</p>", "comment_time": "2022-03-06T09:01:05.777Z", "user": 1, "root": null, "parent": null, "reply_to": null}}, {"model": "comment.comment", "pk": 75, "fields": {"content_type": 8, "object_id": 37, "text": "<p>\u5389\u5bb3</p>", "comment_time": "2022-03-06T09:06:06.737Z", "user": 3, "root": 74, "parent": 74, "reply_to": 1}}, {"model": "comment.comment", "pk": 76, "fields": {"content_type": 8, "object_id": 37, "text": "<p>\u591a\u7ebf\u7a0b\u53d1\u9001\u90ae\u4ef6</p>", "comment_time": "2022-03-06T09:15:36.684Z", "user": 3, "root": 74, "parent": 74, "reply_to": 1}}, {"model": "comment.comment", "pk": 77, "fields": {"content_type": 8, "object_id": 37, "text": "<p>\u5389\u5bb3\u5389\u5bb3</p>", "comment_time": "2022-03-06T09:15:48.551Z", "user": 3, "root": null, "parent": null, "reply_to": null}}, {"model": "comment.comment", "pk": 78, "fields": {"content_type": 8, "object_id": 37, "text": "<p>html\u90ae\u4ef6\u6d4b\u8bd5</p>", "comment_time": "2022-03-06T09:19:58.394Z", "user": 3, "root": null, "parent": null, "reply_to": null}}, {"model": "comment.comment", "pk": 79, "fields": {"content_type": 8, "object_id": 37, "text": "<p>html\u6a21\u677f\u53d1\u9001\u90ae\u7f16\u6d4b\u8bd5</p>", "comment_time": "2022-03-06T09:26:57.203Z", "user": 3, "root": null, "parent": null, "reply_to": null}}, {"model": "likes.likerecord", "pk": 37, "fields": {"content_type": 12, "object_id": 63, "user": 1, "liked_time": "2022-03-01T14:29:37.298Z"}}, {"model": "user.profile", "pk": 1, "fields": {"user": 2, "nickname": "\u591a\u6492\u591a"}}, {"model": "user.profile", "pk": 2, "fields": {"user": 1, "nickname": "\u54b8\u9c7c\u4e0d\u7c98\u9505"}}, {"model": "admin.logentry", "pk": 1, "fields": {"action_time": "2022-01-26T13:49:53.829Z", "user": 1, "content_type": 7, "object_id": "1", "object_repr": "BlogType object (1)", "action_flag": 1, "change_message": "[{\"added\": {}}]"}}, {"model": "admin.logentry", "pk": 2, "fields": {"action_time": "2022-01-26T13:50:06.302Z", "user": 1, "content_type": 7, "object_id": "2", "object_repr": "BlogType object (2)", "action_flag": 1, "change_message": "[{\"added\": {}}]"}}, {"model": "admin.logentry", "pk": 3, "fields": {"action_time": "2022-01-26T13:50:10.918Z", "user": 1, "content_type": 7, "object_id": "3", "object_repr": "BlogType object (3)", "action_flag": 1, "change_message": "[{\"added\": {}}]"}}, {"model": "admin.logentry", "pk": 4, "fields": {"action_time": "2022-01-26T13:52:54.983Z", "user": 1, "content_type": 8, "object_id": "1", "object_repr": "<Blog: \u7b2c\u4e00\u7bc7\u535a\u5ba2>", "action_flag": 1, "change_message": "[{\"added\": {}}]"}}, {"model": "admin.logentry", "pk": 5, "fields": {"action_time": "2022-02-07T13:55:34.732Z", "user": 1, "content_type": 8, "object_id": "2", "object_repr": "<Blog: \u7b2c\u4e8c\u7bc7\u535a\u5ba2>", "action_flag": 1, "change_message": "[{\"added\": {}}]"}}, {"model": "admin.logentry", "pk": 6, "fields": {"action_time": "2022-02-07T13:59:07.172Z", "user": 1, "content_type": 8, "object_id": "2", "object_repr": "<Blog: \u7b2c\u4e8c\u7bc7\u535a\u5ba2>", "action_flag": 3, "change_message": ""}}, {"model": "admin.logentry", "pk": 7, "fields": {"action_time": "2022-02-07T13:59:07.175Z", "user": 1, "content_type": 8, "object_id": "1", "object_repr": "<Blog: \u7b2c\u4e00\u7bc7\u535a\u5ba2>", "action_flag": 3, "change_message": ""}}, {"model": "admin.logentry", "pk": 8, "fields": {"action_time": "2022-02-07T14:00:32.356Z", "user": 1, "content_type": 8, "object_id": "3", "object_repr": "<Blog: \u957f\u5185\u5bb9\u7684\u535a\u5ba2>", "action_flag": 1, "change_message": "[{\"added\": {}}]"}}, {"model": "admin.logentry", "pk": 9, "fields": {"action_time": "2022-02-07T14:22:29.159Z", "user": 1, "content_type": 8, "object_id": "4", "object_repr": "<Blog: \u968f\u7b142>", "action_flag": 1, "change_message": "[{\"added\": {}}]"}}, {"model": "admin.logentry", "pk": 10, "fields": {"action_time": "2022-02-07T14:22:47.175Z", "user": 1, "content_type": 8, "object_id": "5", "object_repr": "<Blog: Django1>", "action_flag": 1, "change_message": "[{\"added\": {}}]"}}, {"model": "admin.logentry", "pk": 11, "fields": {"action_time": "2022-02-15T14:46:58.541Z", "user": 1, "content_type": 8, "object_id": "3", "object_repr": "<Blog: \u957f\u5185\u5bb9\u7684\u535a\u5ba2>", "action_flag": 2, "change_message": "[{\"changed\": {\"fields\": [\"content\"]}}]"}}, {"model": "admin.logentry", "pk": 12, "fields": {"action_time": "2022-02-15T15:10:29.133Z", "user": 1, "content_type": 8, "object_id": "3", "object_repr": "<Blog: \u957f\u5185\u5bb9\u7684\u535a\u5ba2>", "action_flag": 2, "change_message": "[{\"changed\": {\"fields\": [\"content\"]}}]"}}, {"model": "admin.logentry", "pk": 13, "fields": {"action_time": "2022-02-15T15:27:07.338Z", "user": 1, "content_type": 8, "object_id": "3", "object_repr": "<Blog: \u957f\u5185\u5bb9\u7684\u535a\u5ba2>", "action_flag": 2, "change_message": "[{\"changed\": {\"fields\": [\"content\"]}}]"}}, {"model": "admin.logentry", "pk": 14, "fields": {"action_time": "2022-02-16T13:31:21.314Z", "user": 1, "content_type": 8, "object_id": "36", "object_repr": "<Blog: for 30>", "action_flag": 2, "change_message": "[{\"changed\": {\"fields\": [\"content\", \"read_num\"]}}]"}}, {"model": "admin.logentry", "pk": 15, "fields": {"action_time": "2022-02-17T13:11:45.655Z", "user": 1, "content_type": 9, "object_id": "1", "object_repr": "ReadNum object (1)", "action_flag": 1, "change_message": "[{\"added\": {}}]"}}, {"model": "admin.logentry", "pk": 16, "fields": {"action_time": "2022-02-17T13:26:54.733Z", "user": 1, "content_type": 9, "object_id": "2", "object_repr": "ReadNum object (2)", "action_flag": 1, "change_message": "[{\"added\": {}}]"}}, {"model": "admin.logentry", "pk": 17, "fields": {"action_time": "2022-02-17T14:27:27.288Z", "user": 1, "content_type": 10, "object_id": "1", "object_repr": "ReadNum object (1)", "action_flag": 1, "change_message": "[{\"added\": {}}]"}}, {"model": "admin.logentry", "pk": 18, "fields": {"action_time": "2022-02-18T12:46:29.697Z", "user": 1, "content_type": 11, "object_id": "1", "object_repr": "ReadDetail object (1)", "action_flag": 1, "change_message": "[{\"added\": {}}]"}}, {"model": "admin.logentry", "pk": 19, "fields": {"action_time": "2022-02-22T14:35:15.137Z", "user": 1, "content_type": 8, "object_id": "37", "object_repr": "<Blog: \u53fb\u53fb\u732a>", "action_flag": 1, "change_message": "[{\"added\": {}}]"}}, {"model": "admin.logentry", "pk": 20, "fields": {"action_time": "2022-02-25T13:09:30.794Z", "user": 1, "content_type": 12, "object_id": "35", "object_repr": "Comment object (35)", "action_flag": 1, "change_message": "[{\"added\": {}}]"}}, {"model": "admin.logentry", "pk": 21, "fields": {"action_time": "2022-02-25T13:12:44.230Z", "user": 1, "content_type": 12, "object_id": "35", "object_repr": "231312", "action_flag": 3, "change_message": ""}}, {"model": "admin.logentry", "pk": 22, "fields": {"action_time": "2022-02-25T13:13:15.527Z", "user": 1, "content_type": 12, "object_id": "36", "object_repr": "\u5b50\u8bc4\u8bba", "action_flag": 1, "change_message": "[{\"added\": {}}]"}}, {"model": "admin.logentry", "pk": 23, "fields": {"action_time": "2022-02-25T13:27:21.746Z", "user": 1, "content_type": 12, "object_id": "36", "object_repr": "\u5b50\u8bc4\u8bba", "action_flag": 2, "change_message": "[{\"changed\": {\"fields\": [\"root\", \"reply_to\"]}}]"}}, {"model": "admin.logentry", "pk": 24, "fields": {"action_time": "2022-03-03T13:47:58.014Z", "user": 1, "content_type": 16, "object_id": "1", "object_repr": "<Profile: \u54b8\u9c7c for saltfish>", "action_flag": 1, "change_message": "[{\"added\": {}}]"}}, {"model": "admin.logentry", "pk": 25, "fields": {"action_time": "2022-03-03T14:15:00.759Z", "user": 1, "content_type": 4, "object_id": "2", "object_repr": "saltfish", "action_flag": 2, "change_message": "[{\"changed\": {\"fields\": [\"password\"]}}]"}}, {"model": "admin.logentry", "pk": 26, "fields": {"action_time": "2022-03-04T17:17:54.114Z", "user": 1, "content_type": 4, "object_id": "1", "object_repr": "salefish", "action_flag": 2, "change_message": "[{\"changed\": {\"fields\": [\"email\", \"last_login\"]}}]"}}, {"model": "admin.logentry", "pk": 27, "fields": {"action_time": "2022-03-04T17:25:59.491Z", "user": 1, "content_type": 4, "object_id": "1", "object_repr": "salefish", "action_flag": 2, "change_message": "[{\"changed\": {\"fields\": [\"email\"]}}]"}}, {"model": "admin.logentry", "pk": 28, "fields": {"action_time": "2022-03-05T14:05:30.079Z", "user": 1, "content_type": 4, "object_id": "3", "object_repr": "007", "action_flag": 2, "change_message": "[{\"changed\": {\"fields\": [\"password\"]}}]"}}]